process_date,relative_path
2014-08-18,submission_fact/process_date=2014-08-18/submission_fact.csv
2014-08-18,requests/process_date=2014-08-18/general.csv
2014-08-18,requests/process_date=2014-08-18/submissions.csv
2014-08-18,enrollment_fact/process_date=2014-08-18/enrollment_fact.csv
2014-08-18,assignment_dim/process_date=2014-08-18/assignment_dim.csv
2014-08-18,enrollment_dim/process_date=2014-08-18/enrollment_dim.csv
2014-08-18,hour_dim/process_date=2014-08-18/hours.csv
2014-08-18,date_dim/process_date=2014-08-18/dates.csv
2014-08-18,course_dim/process_date=2014-08-18/course_dim.csv
2014-08-18,assignment_fact/process_date=2014-08-18/assignment_fact.csv
2014-08-18,account_dim/process_date=2014-08-18/account_dim.csv
2014-08-18,user_dim/process_date=2014-08-18/faculty.csv
2014-08-18,user_dim/process_date=2014-08-18/students.csv
2014-08-18,submission_dim/process_date=2014-08-18/submission_dim.csv
2014-08-25,submission_fact/process_date=2014-08-25/submission_fact.csv
2014-08-25,requests/process_date=2014-08-25/general.csv
2014-08-25,requests/process_date=2014-08-25/submissions.csv
2014-08-25,submission_dim/process_date=2014-08-25/submission_dim.csv
2014-09-01,submission_fact/process_date=2014-09-01/submission_fact.csv
2014-09-01,requests/process_date=2014-09-01/general.csv
2014-09-01,requests/process_date=2014-09-01/submissions.csv
2014-09-01,submission_dim/process_date=2014-09-01/submission_dim.csv
2014-09-08,submission_fact/process_date=2014-09-08/submission_fact.csv
2014-09-08,requests/process_date=2014-09-08/general.csv
2014-09-08,requests/process_date=2014-09-08/submissions.csv
2014-09-08,submission_dim/process_date=2014-09-08/submission_dim.csv
2014-09-15,submission_fact/process_date=2014-09-15/submission_fact.csv
2014-09-15,requests/process_date=2014-09-15/general.csv
2014-09-15,requests/process_date=2014-09-15/submissions.csv
2014-09-15,submission_dim/process_date=2014-09-15/submission_dim.csv
2014-09-22,submission_fact/process_date=2014-09-22/submission_fact.csv
2014-09-22,requests/process_date=2014-09-22/general.csv
2014-09-22,requests/process_date=2014-09-22/submissions.csv
2014-09-22,submission_dim/process_date=2014-09-22/submission_dim.csv
2014-09-29,submission_fact/process_date=2014-09-29/submission_fact.csv
2014-09-29,requests/process_date=2014-09-29/general.csv
2014-09-29,requests/process_date=2014-09-29/submissions.csv
2014-09-29,submission_dim/process_date=2014-09-29/submission_dim.csv
2014-10-06,submission_fact/process_date=2014-10-06/submission_fact.csv
2014-10-06,requests/process_date=2014-10-06/general.csv
2014-10-06,requests/process_date=2014-10-06/submissions.csv
2014-10-06,submission_dim/process_date=2014-10-06/submission_dim.csv
2014-10-13,submission_fact/process_date=2014-10-13/submission_fact.csv
2014-10-13,requests/process_date=2014-10-13/general.csv
2014-10-13,requests/process_date=2014-10-13/submissions.csv
2014-10-13,submission_dim/process_date=2014-10-13/submission_dim.csv
2014-10-20,submission_fact/process_date=2014-10-20/submission_fact.csv
2014-10-20,requests/process_date=2014-10-20/general.csv
2014-10-20,requests/process_date=2014-10-20/submissions.csv
2014-10-20,submission_dim/process_date=2014-10-20/submission_dim.csv
2014-10-27,submission_fact/process_date=2014-10-27/submission_fact.csv
2014-10-27,requests/process_date=2014-10-27/general.csv
2014-10-27,requests/process_date=2014-10-27/submissions.csv
2014-10-27,submission_dim/process_date=2014-10-27/submission_dim.csv
2014-11-03,submission_fact/process_date=2014-11-03/submission_fact.csv
2014-11-03,requests/process_date=2014-11-03/general.csv
2014-11-03,requests/process_date=2014-11-03/submissions.csv
2014-11-03,submission_dim/process_date=2014-11-03/submission_dim.csv
2014-11-10,submission_fact/process_date=2014-11-10/submission_fact.csv
2014-11-10,requests/process_date=2014-11-10/general.csv
2014-11-10,requests/process_date=2014-11-10/submissions.csv
2014-11-10,submission_dim/process_date=2014-11-10/submission_dim.csv
2014-11-17,submission_fact/process_date=2014-11-17/submission_fact.csv
2014-11-17,requests/process_date=2014-11-17/general.csv
2014-11-17,requests/process_date=2014-11-17/submissions.csv
2014-11-17,submission_dim/process_date=2014-11-17/submission_dim.csv
2014-11-24,submission_fact/process_date=2014-11-24/submission_fact.csv
2014-11-24,requests/process_date=2014-11-24/general.csv
2014-11-24,requests/process_date=2014-11-24/submissions.csv
2014-11-24,submission_dim/process_date=2014-11-24/submission_dim.csv
2014-12-01,submission_fact/process_date=2014-12-01/submission_fact.csv
2014-12-01,requests/process_date=2014-12-01/general.csv
2014-12-01,requests/process_date=2014-12-01/submissions.csv
2014-12-01,submission_dim/process_date=2014-12-01/submission_dim.csv
2015-01-19,submission_fact/process_date=2015-01-19/submission_fact.csv
2015-01-19,requests/process_date=2015-01-19/general.csv
2015-01-19,requests/process_date=2015-01-19/submissions.csv
2015-01-19,enrollment_fact/process_date=2015-01-19/enrollment_fact.csv
2015-01-19,assignment_dim/process_date=2015-01-19/assignment_dim.csv
2015-01-19,enrollment_dim/process_date=2015-01-19/enrollment_dim.csv
2015-01-19,course_dim/process_date=2015-01-19/course_dim.csv
2015-01-19,assignment_fact/process_date=2015-01-19/assignment_fact.csv
2015-01-19,submission_dim/process_date=2015-01-19/submission_dim.csv
2015-01-26,submission_fact/process_date=2015-01-26/submission_fact.csv
2015-01-26,requests/process_date=2015-01-26/general.csv
2015-01-26,requests/process_date=2015-01-26/submissions.csv
2015-01-26,submission_dim/process_date=2015-01-26/submission_dim.csv
2015-02-02,submission_fact/process_date=2015-02-02/submission_fact.csv
2015-02-02,requests/process_date=2015-02-02/general.csv
2015-02-02,requests/process_date=2015-02-02/submissions.csv
2015-02-02,submission_dim/process_date=2015-02-02/submission_dim.csv
2015-02-09,submission_fact/process_date=2015-02-09/submission_fact.csv
2015-02-09,requests/process_date=2015-02-09/general.csv
2015-02-09,requests/process_date=2015-02-09/submissions.csv
2015-02-09,submission_dim/process_date=2015-02-09/submission_dim.csv
2015-02-16,submission_fact/process_date=2015-02-16/submission_fact.csv
2015-02-16,requests/process_date=2015-02-16/general.csv
2015-02-16,requests/process_date=2015-02-16/submissions.csv
2015-02-16,submission_dim/process_date=2015-02-16/submission_dim.csv
2015-02-23,submission_fact/process_date=2015-02-23/submission_fact.csv
2015-02-23,requests/process_date=2015-02-23/general.csv
2015-02-23,requests/process_date=2015-02-23/submissions.csv
2015-02-23,submission_dim/process_date=2015-02-23/submission_dim.csv
2015-03-02,submission_fact/process_date=2015-03-02/submission_fact.csv
2015-03-02,requests/process_date=2015-03-02/general.csv
2015-03-02,requests/process_date=2015-03-02/submissions.csv
2015-03-02,submission_dim/process_date=2015-03-02/submission_dim.csv
2015-03-09,submission_fact/process_date=2015-03-09/submission_fact.csv
2015-03-09,requests/process_date=2015-03-09/general.csv
2015-03-09,requests/process_date=2015-03-09/submissions.csv
2015-03-09,submission_dim/process_date=2015-03-09/submission_dim.csv
2015-03-16,submission_fact/process_date=2015-03-16/submission_fact.csv
2015-03-16,requests/process_date=2015-03-16/general.csv
2015-03-16,requests/process_date=2015-03-16/submissions.csv
2015-03-16,submission_dim/process_date=2015-03-16/submission_dim.csv
2015-03-23,submission_fact/process_date=2015-03-23/submission_fact.csv
2015-03-23,requests/process_date=2015-03-23/general.csv
2015-03-23,requests/process_date=2015-03-23/submissions.csv
2015-03-23,submission_dim/process_date=2015-03-23/submission_dim.csv
2015-03-30,submission_fact/process_date=2015-03-30/submission_fact.csv
2015-03-30,requests/process_date=2015-03-30/general.csv
2015-03-30,requests/process_date=2015-03-30/submissions.csv
2015-03-30,submission_dim/process_date=2015-03-30/submission_dim.csv
2015-04-06,submission_fact/process_date=2015-04-06/submission_fact.csv
2015-04-06,requests/process_date=2015-04-06/general.csv
2015-04-06,requests/process_date=2015-04-06/submissions.csv
2015-04-06,submission_dim/process_date=2015-04-06/submission_dim.csv
2015-04-13,submission_fact/process_date=2015-04-13/submission_fact.csv
2015-04-13,requests/process_date=2015-04-13/general.csv
2015-04-13,requests/process_date=2015-04-13/submissions.csv
2015-04-13,submission_dim/process_date=2015-04-13/submission_dim.csv
2015-04-20,submission_fact/process_date=2015-04-20/submission_fact.csv
2015-04-20,requests/process_date=2015-04-20/general.csv
2015-04-20,requests/process_date=2015-04-20/submissions.csv
2015-04-20,submission_dim/process_date=2015-04-20/submission_dim.csv
2015-04-27,submission_fact/process_date=2015-04-27/submission_fact.csv
2015-04-27,requests/process_date=2015-04-27/general.csv
2015-04-27,requests/process_date=2015-04-27/submissions.csv
2015-04-27,submission_dim/process_date=2015-04-27/submission_dim.csv
2015-05-04,submission_fact/process_date=2015-05-04/submission_fact.csv
2015-05-04,requests/process_date=2015-05-04/general.csv
2015-05-04,requests/process_date=2015-05-04/submissions.csv
2015-05-04,submission_dim/process_date=2015-05-04/submission_dim.csv
2015-08-17,submission_fact/process_date=2015-08-17/submission_fact.csv
2015-08-17,requests/process_date=2015-08-17/general.csv
2015-08-17,requests/process_date=2015-08-17/submissions.csv
2015-08-17,enrollment_fact/process_date=2015-08-17/enrollment_fact.csv
2015-08-17,assignment_dim/process_date=2015-08-17/assignment_dim.csv
2015-08-17,enrollment_dim/process_date=2015-08-17/enrollment_dim.csv
2015-08-17,course_dim/process_date=2015-08-17/course_dim.csv
2015-08-17,assignment_fact/process_date=2015-08-17/assignment_fact.csv
2015-08-17,user_dim/process_date=2015-08-17/students.csv
2015-08-17,submission_dim/process_date=2015-08-17/submission_dim.csv
2015-08-24,submission_fact/process_date=2015-08-24/submission_fact.csv
2015-08-24,requests/process_date=2015-08-24/general.csv
2015-08-24,requests/process_date=2015-08-24/submissions.csv
2015-08-24,submission_dim/process_date=2015-08-24/submission_dim.csv
2015-08-31,submission_fact/process_date=2015-08-31/submission_fact.csv
2015-08-31,requests/process_date=2015-08-31/general.csv
2015-08-31,requests/process_date=2015-08-31/submissions.csv
2015-08-31,submission_dim/process_date=2015-08-31/submission_dim.csv
2015-09-07,submission_fact/process_date=2015-09-07/submission_fact.csv
2015-09-07,requests/process_date=2015-09-07/general.csv
2015-09-07,requests/process_date=2015-09-07/submissions.csv
2015-09-07,submission_dim/process_date=2015-09-07/submission_dim.csv
2015-09-14,submission_fact/process_date=2015-09-14/submission_fact.csv
2015-09-14,requests/process_date=2015-09-14/general.csv
2015-09-14,requests/process_date=2015-09-14/submissions.csv
2015-09-14,submission_dim/process_date=2015-09-14/submission_dim.csv
2015-09-21,submission_fact/process_date=2015-09-21/submission_fact.csv
2015-09-21,requests/process_date=2015-09-21/general.csv
2015-09-21,requests/process_date=2015-09-21/submissions.csv
2015-09-21,submission_dim/process_date=2015-09-21/submission_dim.csv
2015-09-28,submission_fact/process_date=2015-09-28/submission_fact.csv
2015-09-28,requests/process_date=2015-09-28/general.csv
2015-09-28,requests/process_date=2015-09-28/submissions.csv
2015-09-28,submission_dim/process_date=2015-09-28/submission_dim.csv
2015-10-05,submission_fact/process_date=2015-10-05/submission_fact.csv
2015-10-05,requests/process_date=2015-10-05/general.csv
2015-10-05,requests/process_date=2015-10-05/submissions.csv
2015-10-05,submission_dim/process_date=2015-10-05/submission_dim.csv
2015-10-12,submission_fact/process_date=2015-10-12/submission_fact.csv
2015-10-12,requests/process_date=2015-10-12/general.csv
2015-10-12,requests/process_date=2015-10-12/submissions.csv
2015-10-12,submission_dim/process_date=2015-10-12/submission_dim.csv
2015-10-19,submission_fact/process_date=2015-10-19/submission_fact.csv
2015-10-19,requests/process_date=2015-10-19/general.csv
2015-10-19,requests/process_date=2015-10-19/submissions.csv
2015-10-19,submission_dim/process_date=2015-10-19/submission_dim.csv
2015-10-26,submission_fact/process_date=2015-10-26/submission_fact.csv
2015-10-26,requests/process_date=2015-10-26/general.csv
2015-10-26,requests/process_date=2015-10-26/submissions.csv
2015-10-26,submission_dim/process_date=2015-10-26/submission_dim.csv
2015-11-02,submission_fact/process_date=2015-11-02/submission_fact.csv
2015-11-02,requests/process_date=2015-11-02/general.csv
2015-11-02,requests/process_date=2015-11-02/submissions.csv
2015-11-02,submission_dim/process_date=2015-11-02/submission_dim.csv
2015-11-09,submission_fact/process_date=2015-11-09/submission_fact.csv
2015-11-09,requests/process_date=2015-11-09/general.csv
2015-11-09,requests/process_date=2015-11-09/submissions.csv
2015-11-09,submission_dim/process_date=2015-11-09/submission_dim.csv
2015-11-16,submission_fact/process_date=2015-11-16/submission_fact.csv
2015-11-16,requests/process_date=2015-11-16/general.csv
2015-11-16,requests/process_date=2015-11-16/submissions.csv
2015-11-16,submission_dim/process_date=2015-11-16/submission_dim.csv
2015-11-23,submission_fact/process_date=2015-11-23/submission_fact.csv
2015-11-23,requests/process_date=2015-11-23/general.csv
2015-11-23,requests/process_date=2015-11-23/submissions.csv
2015-11-23,submission_dim/process_date=2015-11-23/submission_dim.csv
2015-11-30,submission_fact/process_date=2015-11-30/submission_fact.csv
2015-11-30,requests/process_date=2015-11-30/general.csv
2015-11-30,requests/process_date=2015-11-30/submissions.csv
2015-11-30,submission_dim/process_date=2015-11-30/submission_dim.csv
2016-01-18,submission_fact/process_date=2016-01-18/submission_fact.csv
2016-01-18,requests/process_date=2016-01-18/general.csv
2016-01-18,requests/process_date=2016-01-18/submissions.csv
2016-01-18,enrollment_fact/process_date=2016-01-18/enrollment_fact.csv
2016-01-18,assignment_dim/process_date=2016-01-18/assignment_dim.csv
2016-01-18,enrollment_dim/process_date=2016-01-18/enrollment_dim.csv
2016-01-18,course_dim/process_date=2016-01-18/course_dim.csv
2016-01-18,assignment_fact/process_date=2016-01-18/assignment_fact.csv
2016-01-18,submission_dim/process_date=2016-01-18/submission_dim.csv
2016-01-25,submission_fact/process_date=2016-01-25/submission_fact.csv
2016-01-25,requests/process_date=2016-01-25/general.csv
2016-01-25,requests/process_date=2016-01-25/submissions.csv
2016-01-25,submission_dim/process_date=2016-01-25/submission_dim.csv
2016-02-01,submission_fact/process_date=2016-02-01/submission_fact.csv
2016-02-01,requests/process_date=2016-02-01/general.csv
2016-02-01,requests/process_date=2016-02-01/submissions.csv
2016-02-01,submission_dim/process_date=2016-02-01/submission_dim.csv
2016-02-08,submission_fact/process_date=2016-02-08/submission_fact.csv
2016-02-08,requests/process_date=2016-02-08/general.csv
2016-02-08,requests/process_date=2016-02-08/submissions.csv
2016-02-08,submission_dim/process_date=2016-02-08/submission_dim.csv
2016-02-15,submission_fact/process_date=2016-02-15/submission_fact.csv
2016-02-15,requests/process_date=2016-02-15/general.csv
2016-02-15,requests/process_date=2016-02-15/submissions.csv
2016-02-15,submission_dim/process_date=2016-02-15/submission_dim.csv
2016-02-22,submission_fact/process_date=2016-02-22/submission_fact.csv
2016-02-22,requests/process_date=2016-02-22/general.csv
2016-02-22,requests/process_date=2016-02-22/submissions.csv
2016-02-22,submission_dim/process_date=2016-02-22/submission_dim.csv
2016-02-29,submission_fact/process_date=2016-02-29/submission_fact.csv
2016-02-29,requests/process_date=2016-02-29/general.csv
2016-02-29,requests/process_date=2016-02-29/submissions.csv
2016-02-29,submission_dim/process_date=2016-02-29/submission_dim.csv
2016-03-07,submission_fact/process_date=2016-03-07/submission_fact.csv
2016-03-07,requests/process_date=2016-03-07/general.csv
2016-03-07,requests/process_date=2016-03-07/submissions.csv
2016-03-07,submission_dim/process_date=2016-03-07/submission_dim.csv
2016-03-14,submission_fact/process_date=2016-03-14/submission_fact.csv
2016-03-14,requests/process_date=2016-03-14/general.csv
2016-03-14,requests/process_date=2016-03-14/submissions.csv
2016-03-14,submission_dim/process_date=2016-03-14/submission_dim.csv
2016-03-21,submission_fact/process_date=2016-03-21/submission_fact.csv
2016-03-21,requests/process_date=2016-03-21/general.csv
2016-03-21,requests/process_date=2016-03-21/submissions.csv
2016-03-21,submission_dim/process_date=2016-03-21/submission_dim.csv
2016-03-28,submission_fact/process_date=2016-03-28/submission_fact.csv
2016-03-28,requests/process_date=2016-03-28/general.csv
2016-03-28,requests/process_date=2016-03-28/submissions.csv
2016-03-28,submission_dim/process_date=2016-03-28/submission_dim.csv
2016-04-04,submission_fact/process_date=2016-04-04/submission_fact.csv
2016-04-04,requests/process_date=2016-04-04/general.csv
2016-04-04,requests/process_date=2016-04-04/submissions.csv
2016-04-04,submission_dim/process_date=2016-04-04/submission_dim.csv
2016-04-11,submission_fact/process_date=2016-04-11/submission_fact.csv
2016-04-11,requests/process_date=2016-04-11/general.csv
2016-04-11,requests/process_date=2016-04-11/submissions.csv
2016-04-11,submission_dim/process_date=2016-04-11/submission_dim.csv
2016-04-18,submission_fact/process_date=2016-04-18/submission_fact.csv
2016-04-18,requests/process_date=2016-04-18/general.csv
2016-04-18,requests/process_date=2016-04-18/submissions.csv
2016-04-18,submission_dim/process_date=2016-04-18/submission_dim.csv
2016-04-25,submission_fact/process_date=2016-04-25/submission_fact.csv
2016-04-25,requests/process_date=2016-04-25/general.csv
2016-04-25,requests/process_date=2016-04-25/submissions.csv
2016-04-25,submission_dim/process_date=2016-04-25/submission_dim.csv
2016-05-02,submission_fact/process_date=2016-05-02/submission_fact.csv
2016-05-02,requests/process_date=2016-05-02/general.csv
2016-05-02,requests/process_date=2016-05-02/submissions.csv
2016-05-02,submission_dim/process_date=2016-05-02/submission_dim.csv
2016-08-22,submission_fact/process_date=2016-08-22/submission_fact.csv
2016-08-22,requests/process_date=2016-08-22/general.csv
2016-08-22,requests/process_date=2016-08-22/submissions.csv
2016-08-22,enrollment_fact/process_date=2016-08-22/enrollment_fact.csv
2016-08-22,assignment_dim/process_date=2016-08-22/assignment_dim.csv
2016-08-22,enrollment_dim/process_date=2016-08-22/enrollment_dim.csv
2016-08-22,course_dim/process_date=2016-08-22/course_dim.csv
2016-08-22,assignment_fact/process_date=2016-08-22/assignment_fact.csv
2016-08-22,user_dim/process_date=2016-08-22/students.csv
2016-08-22,submission_dim/process_date=2016-08-22/submission_dim.csv
2016-08-29,submission_fact/process_date=2016-08-29/submission_fact.csv
2016-08-29,requests/process_date=2016-08-29/general.csv
2016-08-29,requests/process_date=2016-08-29/submissions.csv
2016-08-29,submission_dim/process_date=2016-08-29/submission_dim.csv
2016-09-05,submission_fact/process_date=2016-09-05/submission_fact.csv
2016-09-05,requests/process_date=2016-09-05/general.csv
2016-09-05,requests/process_date=2016-09-05/submissions.csv
2016-09-05,submission_dim/process_date=2016-09-05/submission_dim.csv
2016-09-12,submission_fact/process_date=2016-09-12/submission_fact.csv
2016-09-12,requests/process_date=2016-09-12/general.csv
2016-09-12,requests/process_date=2016-09-12/submissions.csv
2016-09-12,submission_dim/process_date=2016-09-12/submission_dim.csv
2016-09-19,submission_fact/process_date=2016-09-19/submission_fact.csv
2016-09-19,requests/process_date=2016-09-19/general.csv
2016-09-19,requests/process_date=2016-09-19/submissions.csv
2016-09-19,submission_dim/process_date=2016-09-19/submission_dim.csv
2016-09-26,submission_fact/process_date=2016-09-26/submission_fact.csv
2016-09-26,requests/process_date=2016-09-26/general.csv
2016-09-26,requests/process_date=2016-09-26/submissions.csv
2016-09-26,submission_dim/process_date=2016-09-26/submission_dim.csv
2016-10-03,submission_fact/process_date=2016-10-03/submission_fact.csv
2016-10-03,requests/process_date=2016-10-03/general.csv
2016-10-03,requests/process_date=2016-10-03/submissions.csv
2016-10-03,submission_dim/process_date=2016-10-03/submission_dim.csv
2016-10-10,submission_fact/process_date=2016-10-10/submission_fact.csv
2016-10-10,requests/process_date=2016-10-10/general.csv
2016-10-10,requests/process_date=2016-10-10/submissions.csv
2016-10-10,submission_dim/process_date=2016-10-10/submission_dim.csv
2016-10-17,submission_fact/process_date=2016-10-17/submission_fact.csv
2016-10-17,requests/process_date=2016-10-17/general.csv
2016-10-17,requests/process_date=2016-10-17/submissions.csv
2016-10-17,submission_dim/process_date=2016-10-17/submission_dim.csv
2016-10-24,submission_fact/process_date=2016-10-24/submission_fact.csv
2016-10-24,requests/process_date=2016-10-24/general.csv
2016-10-24,requests/process_date=2016-10-24/submissions.csv
2016-10-24,submission_dim/process_date=2016-10-24/submission_dim.csv
2016-10-31,submission_fact/process_date=2016-10-31/submission_fact.csv
2016-10-31,requests/process_date=2016-10-31/general.csv
2016-10-31,requests/process_date=2016-10-31/submissions.csv
2016-10-31,submission_dim/process_date=2016-10-31/submission_dim.csv
2016-11-07,submission_fact/process_date=2016-11-07/submission_fact.csv
2016-11-07,requests/process_date=2016-11-07/general.csv
2016-11-07,requests/process_date=2016-11-07/submissions.csv
2016-11-07,submission_dim/process_date=2016-11-07/submission_dim.csv
2016-11-14,submission_fact/process_date=2016-11-14/submission_fact.csv
2016-11-14,requests/process_date=2016-11-14/general.csv
2016-11-14,requests/process_date=2016-11-14/submissions.csv
2016-11-14,submission_dim/process_date=2016-11-14/submission_dim.csv
2016-11-21,submission_fact/process_date=2016-11-21/submission_fact.csv
2016-11-21,requests/process_date=2016-11-21/general.csv
2016-11-21,requests/process_date=2016-11-21/submissions.csv
2016-11-21,submission_dim/process_date=2016-11-21/submission_dim.csv
2016-11-28,submission_fact/process_date=2016-11-28/submission_fact.csv
2016-11-28,requests/process_date=2016-11-28/general.csv
2016-11-28,requests/process_date=2016-11-28/submissions.csv
2016-11-28,submission_dim/process_date=2016-11-28/submission_dim.csv
2016-12-05,submission_fact/process_date=2016-12-05/submission_fact.csv
2016-12-05,requests/process_date=2016-12-05/general.csv
2016-12-05,requests/process_date=2016-12-05/submissions.csv
2016-12-05,submission_dim/process_date=2016-12-05/submission_dim.csv
2017-01-23,submission_fact/process_date=2017-01-23/submission_fact.csv
2017-01-23,requests/process_date=2017-01-23/general.csv
2017-01-23,requests/process_date=2017-01-23/submissions.csv
2017-01-23,enrollment_fact/process_date=2017-01-23/enrollment_fact.csv
2017-01-23,assignment_dim/process_date=2017-01-23/assignment_dim.csv
2017-01-23,enrollment_dim/process_date=2017-01-23/enrollment_dim.csv
2017-01-23,course_dim/process_date=2017-01-23/course_dim.csv
2017-01-23,assignment_fact/process_date=2017-01-23/assignment_fact.csv
2017-01-23,submission_dim/process_date=2017-01-23/submission_dim.csv
2017-01-30,submission_fact/process_date=2017-01-30/submission_fact.csv
2017-01-30,requests/process_date=2017-01-30/general.csv
2017-01-30,requests/process_date=2017-01-30/submissions.csv
2017-01-30,submission_dim/process_date=2017-01-30/submission_dim.csv
2017-02-06,submission_fact/process_date=2017-02-06/submission_fact.csv
2017-02-06,requests/process_date=2017-02-06/general.csv
2017-02-06,requests/process_date=2017-02-06/submissions.csv
2017-02-06,submission_dim/process_date=2017-02-06/submission_dim.csv
2017-02-13,submission_fact/process_date=2017-02-13/submission_fact.csv
2017-02-13,requests/process_date=2017-02-13/general.csv
2017-02-13,requests/process_date=2017-02-13/submissions.csv
2017-02-13,submission_dim/process_date=2017-02-13/submission_dim.csv
2017-02-20,submission_fact/process_date=2017-02-20/submission_fact.csv
2017-02-20,requests/process_date=2017-02-20/general.csv
2017-02-20,requests/process_date=2017-02-20/submissions.csv
2017-02-20,submission_dim/process_date=2017-02-20/submission_dim.csv
2017-02-27,submission_fact/process_date=2017-02-27/submission_fact.csv
2017-02-27,requests/process_date=2017-02-27/general.csv
2017-02-27,requests/process_date=2017-02-27/submissions.csv
2017-02-27,submission_dim/process_date=2017-02-27/submission_dim.csv
2017-03-06,submission_fact/process_date=2017-03-06/submission_fact.csv
2017-03-06,requests/process_date=2017-03-06/general.csv
2017-03-06,requests/process_date=2017-03-06/submissions.csv
2017-03-06,submission_dim/process_date=2017-03-06/submission_dim.csv
2017-03-13,submission_fact/process_date=2017-03-13/submission_fact.csv
2017-03-13,requests/process_date=2017-03-13/general.csv
2017-03-13,requests/process_date=2017-03-13/submissions.csv
2017-03-13,submission_dim/process_date=2017-03-13/submission_dim.csv
2017-03-20,submission_fact/process_date=2017-03-20/submission_fact.csv
2017-03-20,requests/process_date=2017-03-20/general.csv
2017-03-20,requests/process_date=2017-03-20/submissions.csv
2017-03-20,submission_dim/process_date=2017-03-20/submission_dim.csv
2017-03-27,submission_fact/process_date=2017-03-27/submission_fact.csv
2017-03-27,requests/process_date=2017-03-27/general.csv
2017-03-27,requests/process_date=2017-03-27/submissions.csv
2017-03-27,submission_dim/process_date=2017-03-27/submission_dim.csv
2017-04-03,submission_fact/process_date=2017-04-03/submission_fact.csv
2017-04-03,requests/process_date=2017-04-03/general.csv
2017-04-03,requests/process_date=2017-04-03/submissions.csv
2017-04-03,submission_dim/process_date=2017-04-03/submission_dim.csv
2017-04-10,submission_fact/process_date=2017-04-10/submission_fact.csv
2017-04-10,requests/process_date=2017-04-10/general.csv
2017-04-10,requests/process_date=2017-04-10/submissions.csv
2017-04-10,submission_dim/process_date=2017-04-10/submission_dim.csv
2017-04-17,submission_fact/process_date=2017-04-17/submission_fact.csv
2017-04-17,requests/process_date=2017-04-17/general.csv
2017-04-17,requests/process_date=2017-04-17/submissions.csv
2017-04-17,submission_dim/process_date=2017-04-17/submission_dim.csv
2017-04-24,submission_fact/process_date=2017-04-24/submission_fact.csv
2017-04-24,requests/process_date=2017-04-24/general.csv
2017-04-24,requests/process_date=2017-04-24/submissions.csv
2017-04-24,submission_dim/process_date=2017-04-24/submission_dim.csv
2017-05-01,submission_fact/process_date=2017-05-01/submission_fact.csv
2017-05-01,requests/process_date=2017-05-01/general.csv
2017-05-01,requests/process_date=2017-05-01/submissions.csv
2017-05-01,submission_dim/process_date=2017-05-01/submission_dim.csv
2017-05-08,submission_fact/process_date=2017-05-08/submission_fact.csv
2017-05-08,requests/process_date=2017-05-08/general.csv
2017-05-08,requests/process_date=2017-05-08/submissions.csv
2017-05-08,submission_dim/process_date=2017-05-08/submission_dim.csv
2017-08-21,submission_fact/process_date=2017-08-21/submission_fact.csv
2017-08-21,requests/process_date=2017-08-21/general.csv
2017-08-21,requests/process_date=2017-08-21/submissions.csv
2017-08-21,enrollment_fact/process_date=2017-08-21/enrollment_fact.csv
2017-08-21,assignment_dim/process_date=2017-08-21/assignment_dim.csv
2017-08-21,enrollment_dim/process_date=2017-08-21/enrollment_dim.csv
2017-08-21,course_dim/process_date=2017-08-21/course_dim.csv
2017-08-21,assignment_fact/process_date=2017-08-21/assignment_fact.csv
2017-08-21,user_dim/process_date=2017-08-21/students.csv
2017-08-21,submission_dim/process_date=2017-08-21/submission_dim.csv
2017-08-28,submission_fact/process_date=2017-08-28/submission_fact.csv
2017-08-28,requests/process_date=2017-08-28/general.csv
2017-08-28,requests/process_date=2017-08-28/submissions.csv
2017-08-28,submission_dim/process_date=2017-08-28/submission_dim.csv
2017-09-04,submission_fact/process_date=2017-09-04/submission_fact.csv
2017-09-04,requests/process_date=2017-09-04/general.csv
2017-09-04,requests/process_date=2017-09-04/submissions.csv
2017-09-04,submission_dim/process_date=2017-09-04/submission_dim.csv
2017-09-11,submission_fact/process_date=2017-09-11/submission_fact.csv
2017-09-11,requests/process_date=2017-09-11/general.csv
2017-09-11,requests/process_date=2017-09-11/submissions.csv
2017-09-11,submission_dim/process_date=2017-09-11/submission_dim.csv
2017-09-18,submission_fact/process_date=2017-09-18/submission_fact.csv
2017-09-18,requests/process_date=2017-09-18/general.csv
2017-09-18,requests/process_date=2017-09-18/submissions.csv
2017-09-18,submission_dim/process_date=2017-09-18/submission_dim.csv
2017-09-25,submission_fact/process_date=2017-09-25/submission_fact.csv
2017-09-25,requests/process_date=2017-09-25/general.csv
2017-09-25,requests/process_date=2017-09-25/submissions.csv
2017-09-25,submission_dim/process_date=2017-09-25/submission_dim.csv
2017-10-02,submission_fact/process_date=2017-10-02/submission_fact.csv
2017-10-02,requests/process_date=2017-10-02/general.csv
2017-10-02,requests/process_date=2017-10-02/submissions.csv
2017-10-02,submission_dim/process_date=2017-10-02/submission_dim.csv
2017-10-09,submission_fact/process_date=2017-10-09/submission_fact.csv
2017-10-09,requests/process_date=2017-10-09/general.csv
2017-10-09,requests/process_date=2017-10-09/submissions.csv
2017-10-09,submission_dim/process_date=2017-10-09/submission_dim.csv
2017-10-16,submission_fact/process_date=2017-10-16/submission_fact.csv
2017-10-16,requests/process_date=2017-10-16/general.csv
2017-10-16,requests/process_date=2017-10-16/submissions.csv
2017-10-16,submission_dim/process_date=2017-10-16/submission_dim.csv
2017-10-23,submission_fact/process_date=2017-10-23/submission_fact.csv
2017-10-23,requests/process_date=2017-10-23/general.csv
2017-10-23,requests/process_date=2017-10-23/submissions.csv
2017-10-23,submission_dim/process_date=2017-10-23/submission_dim.csv
2017-10-30,submission_fact/process_date=2017-10-30/submission_fact.csv
2017-10-30,requests/process_date=2017-10-30/general.csv
2017-10-30,requests/process_date=2017-10-30/submissions.csv
2017-10-30,submission_dim/process_date=2017-10-30/submission_dim.csv
2017-11-06,submission_fact/process_date=2017-11-06/submission_fact.csv
2017-11-06,requests/process_date=2017-11-06/general.csv
2017-11-06,requests/process_date=2017-11-06/submissions.csv
2017-11-06,submission_dim/process_date=2017-11-06/submission_dim.csv
2017-11-13,submission_fact/process_date=2017-11-13/submission_fact.csv
2017-11-13,requests/process_date=2017-11-13/general.csv
2017-11-13,requests/process_date=2017-11-13/submissions.csv
2017-11-13,submission_dim/process_date=2017-11-13/submission_dim.csv
2017-11-20,submission_fact/process_date=2017-11-20/submission_fact.csv
2017-11-20,requests/process_date=2017-11-20/general.csv
2017-11-20,requests/process_date=2017-11-20/submissions.csv
2017-11-20,submission_dim/process_date=2017-11-20/submission_dim.csv
2017-11-27,submission_fact/process_date=2017-11-27/submission_fact.csv
2017-11-27,requests/process_date=2017-11-27/general.csv
2017-11-27,requests/process_date=2017-11-27/submissions.csv
2017-11-27,submission_dim/process_date=2017-11-27/submission_dim.csv
2017-12-04,submission_fact/process_date=2017-12-04/submission_fact.csv
2017-12-04,requests/process_date=2017-12-04/general.csv
2017-12-04,requests/process_date=2017-12-04/submissions.csv
2017-12-04,submission_dim/process_date=2017-12-04/submission_dim.csv
2018-01-22,submission_fact/process_date=2018-01-22/submission_fact.csv
2018-01-22,requests/process_date=2018-01-22/general.csv
2018-01-22,requests/process_date=2018-01-22/submissions.csv
2018-01-22,enrollment_fact/process_date=2018-01-22/enrollment_fact.csv
2018-01-22,assignment_dim/process_date=2018-01-22/assignment_dim.csv
2018-01-22,enrollment_dim/process_date=2018-01-22/enrollment_dim.csv
2018-01-22,course_dim/process_date=2018-01-22/course_dim.csv
2018-01-22,assignment_fact/process_date=2018-01-22/assignment_fact.csv
2018-01-22,submission_dim/process_date=2018-01-22/submission_dim.csv
2018-01-29,submission_fact/process_date=2018-01-29/submission_fact.csv
2018-01-29,requests/process_date=2018-01-29/general.csv
2018-01-29,requests/process_date=2018-01-29/submissions.csv
2018-01-29,submission_dim/process_date=2018-01-29/submission_dim.csv
2018-02-05,submission_fact/process_date=2018-02-05/submission_fact.csv
2018-02-05,requests/process_date=2018-02-05/general.csv
2018-02-05,requests/process_date=2018-02-05/submissions.csv
2018-02-05,submission_dim/process_date=2018-02-05/submission_dim.csv
2018-02-12,submission_fact/process_date=2018-02-12/submission_fact.csv
2018-02-12,requests/process_date=2018-02-12/general.csv
2018-02-12,requests/process_date=2018-02-12/submissions.csv
2018-02-12,submission_dim/process_date=2018-02-12/submission_dim.csv
2018-02-19,submission_fact/process_date=2018-02-19/submission_fact.csv
2018-02-19,requests/process_date=2018-02-19/general.csv
2018-02-19,requests/process_date=2018-02-19/submissions.csv
2018-02-19,submission_dim/process_date=2018-02-19/submission_dim.csv
2018-02-26,submission_fact/process_date=2018-02-26/submission_fact.csv
2018-02-26,requests/process_date=2018-02-26/general.csv
2018-02-26,requests/process_date=2018-02-26/submissions.csv
2018-02-26,submission_dim/process_date=2018-02-26/submission_dim.csv
2018-03-05,submission_fact/process_date=2018-03-05/submission_fact.csv
2018-03-05,requests/process_date=2018-03-05/general.csv
2018-03-05,requests/process_date=2018-03-05/submissions.csv
2018-03-05,submission_dim/process_date=2018-03-05/submission_dim.csv
2018-03-12,submission_fact/process_date=2018-03-12/submission_fact.csv
2018-03-12,requests/process_date=2018-03-12/general.csv
2018-03-12,requests/process_date=2018-03-12/submissions.csv
2018-03-12,submission_dim/process_date=2018-03-12/submission_dim.csv
2018-03-19,submission_fact/process_date=2018-03-19/submission_fact.csv
2018-03-19,requests/process_date=2018-03-19/general.csv
2018-03-19,requests/process_date=2018-03-19/submissions.csv
2018-03-19,submission_dim/process_date=2018-03-19/submission_dim.csv
2018-03-26,submission_fact/process_date=2018-03-26/submission_fact.csv
2018-03-26,requests/process_date=2018-03-26/general.csv
2018-03-26,requests/process_date=2018-03-26/submissions.csv
2018-03-26,submission_dim/process_date=2018-03-26/submission_dim.csv
2018-04-02,submission_fact/process_date=2018-04-02/submission_fact.csv
2018-04-02,requests/process_date=2018-04-02/general.csv
2018-04-02,requests/process_date=2018-04-02/submissions.csv
2018-04-02,submission_dim/process_date=2018-04-02/submission_dim.csv
2018-04-09,submission_fact/process_date=2018-04-09/submission_fact.csv
2018-04-09,requests/process_date=2018-04-09/general.csv
2018-04-09,requests/process_date=2018-04-09/submissions.csv
2018-04-09,submission_dim/process_date=2018-04-09/submission_dim.csv
2018-04-16,submission_fact/process_date=2018-04-16/submission_fact.csv
2018-04-16,requests/process_date=2018-04-16/general.csv
2018-04-16,requests/process_date=2018-04-16/submissions.csv
2018-04-16,submission_dim/process_date=2018-04-16/submission_dim.csv
2018-04-23,submission_fact/process_date=2018-04-23/submission_fact.csv
2018-04-23,requests/process_date=2018-04-23/general.csv
2018-04-23,requests/process_date=2018-04-23/submissions.csv
2018-04-23,submission_dim/process_date=2018-04-23/submission_dim.csv
2018-04-30,submission_fact/process_date=2018-04-30/submission_fact.csv
2018-04-30,requests/process_date=2018-04-30/general.csv
2018-04-30,requests/process_date=2018-04-30/submissions.csv
2018-04-30,submission_dim/process_date=2018-04-30/submission_dim.csv
2018-05-07,submission_fact/process_date=2018-05-07/submission_fact.csv
2018-05-07,requests/process_date=2018-05-07/general.csv
2018-05-07,requests/process_date=2018-05-07/submissions.csv
2018-05-07,submission_dim/process_date=2018-05-07/submission_dim.csv
2018-08-20,submission_fact/process_date=2018-08-20/submission_fact.csv
2018-08-20,requests/process_date=2018-08-20/general.csv
2018-08-20,requests/process_date=2018-08-20/submissions.csv
2018-08-20,enrollment_fact/process_date=2018-08-20/enrollment_fact.csv
2018-08-20,assignment_dim/process_date=2018-08-20/assignment_dim.csv
2018-08-20,enrollment_dim/process_date=2018-08-20/enrollment_dim.csv
2018-08-20,course_dim/process_date=2018-08-20/course_dim.csv
2018-08-20,assignment_fact/process_date=2018-08-20/assignment_fact.csv
2018-08-20,user_dim/process_date=2018-08-20/students.csv
2018-08-20,submission_dim/process_date=2018-08-20/submission_dim.csv
2018-08-27,submission_fact/process_date=2018-08-27/submission_fact.csv
2018-08-27,requests/process_date=2018-08-27/general.csv
2018-08-27,requests/process_date=2018-08-27/submissions.csv
2018-08-27,submission_dim/process_date=2018-08-27/submission_dim.csv
2018-09-03,submission_fact/process_date=2018-09-03/submission_fact.csv
2018-09-03,requests/process_date=2018-09-03/general.csv
2018-09-03,requests/process_date=2018-09-03/submissions.csv
2018-09-03,submission_dim/process_date=2018-09-03/submission_dim.csv
2018-09-10,submission_fact/process_date=2018-09-10/submission_fact.csv
2018-09-10,requests/process_date=2018-09-10/general.csv
2018-09-10,requests/process_date=2018-09-10/submissions.csv
2018-09-10,submission_dim/process_date=2018-09-10/submission_dim.csv
2018-09-17,submission_fact/process_date=2018-09-17/submission_fact.csv
2018-09-17,requests/process_date=2018-09-17/general.csv
2018-09-17,requests/process_date=2018-09-17/submissions.csv
2018-09-17,submission_dim/process_date=2018-09-17/submission_dim.csv
2018-09-24,submission_fact/process_date=2018-09-24/submission_fact.csv
2018-09-24,requests/process_date=2018-09-24/general.csv
2018-09-24,requests/process_date=2018-09-24/submissions.csv
2018-09-24,submission_dim/process_date=2018-09-24/submission_dim.csv
2018-10-01,submission_fact/process_date=2018-10-01/submission_fact.csv
2018-10-01,requests/process_date=2018-10-01/general.csv
2018-10-01,requests/process_date=2018-10-01/submissions.csv
2018-10-01,submission_dim/process_date=2018-10-01/submission_dim.csv
2018-10-08,submission_fact/process_date=2018-10-08/submission_fact.csv
2018-10-08,requests/process_date=2018-10-08/general.csv
2018-10-08,requests/process_date=2018-10-08/submissions.csv
2018-10-08,submission_dim/process_date=2018-10-08/submission_dim.csv
2018-10-15,submission_fact/process_date=2018-10-15/submission_fact.csv
2018-10-15,requests/process_date=2018-10-15/general.csv
2018-10-15,requests/process_date=2018-10-15/submissions.csv
2018-10-15,submission_dim/process_date=2018-10-15/submission_dim.csv
2018-10-22,submission_fact/process_date=2018-10-22/submission_fact.csv
2018-10-22,requests/process_date=2018-10-22/general.csv
2018-10-22,requests/process_date=2018-10-22/submissions.csv
2018-10-22,submission_dim/process_date=2018-10-22/submission_dim.csv
2018-10-29,submission_fact/process_date=2018-10-29/submission_fact.csv
2018-10-29,requests/process_date=2018-10-29/general.csv
2018-10-29,requests/process_date=2018-10-29/submissions.csv
2018-10-29,submission_dim/process_date=2018-10-29/submission_dim.csv
2018-11-05,submission_fact/process_date=2018-11-05/submission_fact.csv
2018-11-05,requests/process_date=2018-11-05/general.csv
2018-11-05,requests/process_date=2018-11-05/submissions.csv
2018-11-05,submission_dim/process_date=2018-11-05/submission_dim.csv
2018-11-12,submission_fact/process_date=2018-11-12/submission_fact.csv
2018-11-12,requests/process_date=2018-11-12/general.csv
2018-11-12,requests/process_date=2018-11-12/submissions.csv
2018-11-12,submission_dim/process_date=2018-11-12/submission_dim.csv
2018-11-19,submission_fact/process_date=2018-11-19/submission_fact.csv
2018-11-19,requests/process_date=2018-11-19/general.csv
2018-11-19,requests/process_date=2018-11-19/submissions.csv
2018-11-19,submission_dim/process_date=2018-11-19/submission_dim.csv
2018-11-26,submission_fact/process_date=2018-11-26/submission_fact.csv
2018-11-26,requests/process_date=2018-11-26/general.csv
2018-11-26,requests/process_date=2018-11-26/submissions.csv
2018-11-26,submission_dim/process_date=2018-11-26/submission_dim.csv
2018-12-03,submission_fact/process_date=2018-12-03/submission_fact.csv
2018-12-03,requests/process_date=2018-12-03/general.csv
2018-12-03,requests/process_date=2018-12-03/submissions.csv
2018-12-03,submission_dim/process_date=2018-12-03/submission_dim.csv
2019-01-21,submission_fact/process_date=2019-01-21/submission_fact.csv
2019-01-21,requests/process_date=2019-01-21/general.csv
2019-01-21,requests/process_date=2019-01-21/submissions.csv
2019-01-21,enrollment_fact/process_date=2019-01-21/enrollment_fact.csv
2019-01-21,assignment_dim/process_date=2019-01-21/assignment_dim.csv
2019-01-21,enrollment_dim/process_date=2019-01-21/enrollment_dim.csv
2019-01-21,course_dim/process_date=2019-01-21/course_dim.csv
2019-01-21,assignment_fact/process_date=2019-01-21/assignment_fact.csv
2019-01-21,submission_dim/process_date=2019-01-21/submission_dim.csv
2019-01-28,submission_fact/process_date=2019-01-28/submission_fact.csv
2019-01-28,requests/process_date=2019-01-28/general.csv
2019-01-28,requests/process_date=2019-01-28/submissions.csv
2019-01-28,submission_dim/process_date=2019-01-28/submission_dim.csv
2019-02-04,submission_fact/process_date=2019-02-04/submission_fact.csv
2019-02-04,requests/process_date=2019-02-04/general.csv
2019-02-04,requests/process_date=2019-02-04/submissions.csv
2019-02-04,submission_dim/process_date=2019-02-04/submission_dim.csv
2019-02-11,submission_fact/process_date=2019-02-11/submission_fact.csv
2019-02-11,requests/process_date=2019-02-11/general.csv
2019-02-11,requests/process_date=2019-02-11/submissions.csv
2019-02-11,submission_dim/process_date=2019-02-11/submission_dim.csv
2019-02-18,submission_fact/process_date=2019-02-18/submission_fact.csv
2019-02-18,requests/process_date=2019-02-18/general.csv
2019-02-18,requests/process_date=2019-02-18/submissions.csv
2019-02-18,submission_dim/process_date=2019-02-18/submission_dim.csv
2019-02-25,submission_fact/process_date=2019-02-25/submission_fact.csv
2019-02-25,requests/process_date=2019-02-25/general.csv
2019-02-25,requests/process_date=2019-02-25/submissions.csv
2019-02-25,submission_dim/process_date=2019-02-25/submission_dim.csv
2019-03-04,submission_fact/process_date=2019-03-04/submission_fact.csv
2019-03-04,requests/process_date=2019-03-04/general.csv
2019-03-04,requests/process_date=2019-03-04/submissions.csv
2019-03-04,submission_dim/process_date=2019-03-04/submission_dim.csv
2019-03-11,submission_fact/process_date=2019-03-11/submission_fact.csv
2019-03-11,requests/process_date=2019-03-11/general.csv
2019-03-11,requests/process_date=2019-03-11/submissions.csv
2019-03-11,submission_dim/process_date=2019-03-11/submission_dim.csv
2019-03-18,submission_fact/process_date=2019-03-18/submission_fact.csv
2019-03-18,requests/process_date=2019-03-18/general.csv
2019-03-18,requests/process_date=2019-03-18/submissions.csv
2019-03-18,submission_dim/process_date=2019-03-18/submission_dim.csv
2019-03-25,submission_fact/process_date=2019-03-25/submission_fact.csv
2019-03-25,requests/process_date=2019-03-25/general.csv
2019-03-25,requests/process_date=2019-03-25/submissions.csv
2019-03-25,submission_dim/process_date=2019-03-25/submission_dim.csv
2019-04-01,submission_fact/process_date=2019-04-01/submission_fact.csv
2019-04-01,requests/process_date=2019-04-01/general.csv
2019-04-01,requests/process_date=2019-04-01/submissions.csv
2019-04-01,submission_dim/process_date=2019-04-01/submission_dim.csv
2019-04-08,submission_fact/process_date=2019-04-08/submission_fact.csv
2019-04-08,requests/process_date=2019-04-08/general.csv
2019-04-08,requests/process_date=2019-04-08/submissions.csv
2019-04-08,submission_dim/process_date=2019-04-08/submission_dim.csv
2019-04-15,submission_fact/process_date=2019-04-15/submission_fact.csv
2019-04-15,requests/process_date=2019-04-15/general.csv
2019-04-15,requests/process_date=2019-04-15/submissions.csv
2019-04-15,submission_dim/process_date=2019-04-15/submission_dim.csv
2019-04-22,submission_fact/process_date=2019-04-22/submission_fact.csv
2019-04-22,requests/process_date=2019-04-22/general.csv
2019-04-22,requests/process_date=2019-04-22/submissions.csv
2019-04-22,submission_dim/process_date=2019-04-22/submission_dim.csv
2019-04-29,submission_fact/process_date=2019-04-29/submission_fact.csv
2019-04-29,requests/process_date=2019-04-29/general.csv
2019-04-29,requests/process_date=2019-04-29/submissions.csv
2019-04-29,submission_dim/process_date=2019-04-29/submission_dim.csv
2019-05-06,submission_fact/process_date=2019-05-06/submission_fact.csv
2019-05-06,requests/process_date=2019-05-06/general.csv
2019-05-06,requests/process_date=2019-05-06/submissions.csv
2019-05-06,submission_dim/process_date=2019-05-06/submission_dim.csv
2019-08-19,submission_fact/process_date=2019-08-19/submission_fact.csv
2019-08-19,requests/process_date=2019-08-19/general.csv
2019-08-19,requests/process_date=2019-08-19/submissions.csv
2019-08-19,enrollment_fact/process_date=2019-08-19/enrollment_fact.csv
2019-08-19,assignment_dim/process_date=2019-08-19/assignment_dim.csv
2019-08-19,enrollment_dim/process_date=2019-08-19/enrollment_dim.csv
2019-08-19,course_dim/process_date=2019-08-19/course_dim.csv
2019-08-19,assignment_fact/process_date=2019-08-19/assignment_fact.csv
2019-08-19,user_dim/process_date=2019-08-19/students.csv
2019-08-19,submission_dim/process_date=2019-08-19/submission_dim.csv
2019-08-26,submission_fact/process_date=2019-08-26/submission_fact.csv
2019-08-26,requests/process_date=2019-08-26/general.csv
2019-08-26,requests/process_date=2019-08-26/submissions.csv
2019-08-26,submission_dim/process_date=2019-08-26/submission_dim.csv
2019-09-02,submission_fact/process_date=2019-09-02/submission_fact.csv
2019-09-02,requests/process_date=2019-09-02/general.csv
2019-09-02,requests/process_date=2019-09-02/submissions.csv
2019-09-02,submission_dim/process_date=2019-09-02/submission_dim.csv
2019-09-09,submission_fact/process_date=2019-09-09/submission_fact.csv
2019-09-09,requests/process_date=2019-09-09/general.csv
2019-09-09,requests/process_date=2019-09-09/submissions.csv
2019-09-09,submission_dim/process_date=2019-09-09/submission_dim.csv
2019-09-16,submission_fact/process_date=2019-09-16/submission_fact.csv
2019-09-16,requests/process_date=2019-09-16/general.csv
2019-09-16,requests/process_date=2019-09-16/submissions.csv
2019-09-16,submission_dim/process_date=2019-09-16/submission_dim.csv
2019-09-23,submission_fact/process_date=2019-09-23/submission_fact.csv
2019-09-23,requests/process_date=2019-09-23/general.csv
2019-09-23,requests/process_date=2019-09-23/submissions.csv
2019-09-23,submission_dim/process_date=2019-09-23/submission_dim.csv
2019-09-30,submission_fact/process_date=2019-09-30/submission_fact.csv
2019-09-30,requests/process_date=2019-09-30/general.csv
2019-09-30,requests/process_date=2019-09-30/submissions.csv
2019-09-30,submission_dim/process_date=2019-09-30/submission_dim.csv
2019-10-07,submission_fact/process_date=2019-10-07/submission_fact.csv
2019-10-07,requests/process_date=2019-10-07/general.csv
2019-10-07,requests/process_date=2019-10-07/submissions.csv
2019-10-07,submission_dim/process_date=2019-10-07/submission_dim.csv
2019-10-14,submission_fact/process_date=2019-10-14/submission_fact.csv
2019-10-14,requests/process_date=2019-10-14/general.csv
2019-10-14,requests/process_date=2019-10-14/submissions.csv
2019-10-14,submission_dim/process_date=2019-10-14/submission_dim.csv
2019-10-21,submission_fact/process_date=2019-10-21/submission_fact.csv
2019-10-21,requests/process_date=2019-10-21/general.csv
2019-10-21,requests/process_date=2019-10-21/submissions.csv
2019-10-21,submission_dim/process_date=2019-10-21/submission_dim.csv
2019-10-28,submission_fact/process_date=2019-10-28/submission_fact.csv
2019-10-28,requests/process_date=2019-10-28/general.csv
2019-10-28,requests/process_date=2019-10-28/submissions.csv
2019-10-28,submission_dim/process_date=2019-10-28/submission_dim.csv
2019-11-04,submission_fact/process_date=2019-11-04/submission_fact.csv
2019-11-04,requests/process_date=2019-11-04/general.csv
2019-11-04,requests/process_date=2019-11-04/submissions.csv
2019-11-04,submission_dim/process_date=2019-11-04/submission_dim.csv
2019-11-11,submission_fact/process_date=2019-11-11/submission_fact.csv
2019-11-11,requests/process_date=2019-11-11/general.csv
2019-11-11,requests/process_date=2019-11-11/submissions.csv
2019-11-11,submission_dim/process_date=2019-11-11/submission_dim.csv
2019-11-18,submission_fact/process_date=2019-11-18/submission_fact.csv
2019-11-18,requests/process_date=2019-11-18/general.csv
2019-11-18,requests/process_date=2019-11-18/submissions.csv
2019-11-18,submission_dim/process_date=2019-11-18/submission_dim.csv
2019-11-25,submission_fact/process_date=2019-11-25/submission_fact.csv
2019-11-25,requests/process_date=2019-11-25/general.csv
2019-11-25,requests/process_date=2019-11-25/submissions.csv
2019-11-25,submission_dim/process_date=2019-11-25/submission_dim.csv
2019-12-02,submission_fact/process_date=2019-12-02/submission_fact.csv
2019-12-02,requests/process_date=2019-12-02/general.csv
2019-12-02,requests/process_date=2019-12-02/submissions.csv
2019-12-02,submission_dim/process_date=2019-12-02/submission_dim.csv
2020-01-20,submission_fact/process_date=2020-01-20/submission_fact.csv
2020-01-20,requests/process_date=2020-01-20/general.csv
2020-01-20,requests/process_date=2020-01-20/submissions.csv
2020-01-20,enrollment_fact/process_date=2020-01-20/enrollment_fact.csv
2020-01-20,assignment_dim/process_date=2020-01-20/assignment_dim.csv
2020-01-20,enrollment_dim/process_date=2020-01-20/enrollment_dim.csv
2020-01-20,course_dim/process_date=2020-01-20/course_dim.csv
2020-01-20,assignment_fact/process_date=2020-01-20/assignment_fact.csv
2020-01-20,submission_dim/process_date=2020-01-20/submission_dim.csv
2020-01-27,submission_fact/process_date=2020-01-27/submission_fact.csv
2020-01-27,requests/process_date=2020-01-27/general.csv
2020-01-27,requests/process_date=2020-01-27/submissions.csv
2020-01-27,submission_dim/process_date=2020-01-27/submission_dim.csv
2020-02-03,submission_fact/process_date=2020-02-03/submission_fact.csv
2020-02-03,requests/process_date=2020-02-03/general.csv
2020-02-03,requests/process_date=2020-02-03/submissions.csv
2020-02-03,submission_dim/process_date=2020-02-03/submission_dim.csv
2020-02-10,submission_fact/process_date=2020-02-10/submission_fact.csv
2020-02-10,requests/process_date=2020-02-10/general.csv
2020-02-10,requests/process_date=2020-02-10/submissions.csv
2020-02-10,submission_dim/process_date=2020-02-10/submission_dim.csv
2020-02-17,submission_fact/process_date=2020-02-17/submission_fact.csv
2020-02-17,requests/process_date=2020-02-17/general.csv
2020-02-17,requests/process_date=2020-02-17/submissions.csv
2020-02-17,submission_dim/process_date=2020-02-17/submission_dim.csv
2020-02-24,submission_fact/process_date=2020-02-24/submission_fact.csv
2020-02-24,requests/process_date=2020-02-24/general.csv
2020-02-24,requests/process_date=2020-02-24/submissions.csv
2020-02-24,submission_dim/process_date=2020-02-24/submission_dim.csv
2020-03-02,submission_fact/process_date=2020-03-02/submission_fact.csv
2020-03-02,requests/process_date=2020-03-02/general.csv
2020-03-02,requests/process_date=2020-03-02/submissions.csv
2020-03-02,submission_dim/process_date=2020-03-02/submission_dim.csv
2020-03-09,submission_fact/process_date=2020-03-09/submission_fact.csv
2020-03-09,requests/process_date=2020-03-09/general.csv
2020-03-09,requests/process_date=2020-03-09/submissions.csv
2020-03-09,submission_dim/process_date=2020-03-09/submission_dim.csv
2020-03-16,submission_fact/process_date=2020-03-16/submission_fact.csv
2020-03-16,requests/process_date=2020-03-16/general.csv
2020-03-16,requests/process_date=2020-03-16/submissions.csv
2020-03-16,submission_dim/process_date=2020-03-16/submission_dim.csv
2020-03-23,submission_fact/process_date=2020-03-23/submission_fact.csv
2020-03-23,requests/process_date=2020-03-23/general.csv
2020-03-23,requests/process_date=2020-03-23/submissions.csv
2020-03-23,submission_dim/process_date=2020-03-23/submission_dim.csv
2020-03-30,submission_fact/process_date=2020-03-30/submission_fact.csv
2020-03-30,requests/process_date=2020-03-30/general.csv
2020-03-30,requests/process_date=2020-03-30/submissions.csv
2020-03-30,submission_dim/process_date=2020-03-30/submission_dim.csv
2020-04-06,submission_fact/process_date=2020-04-06/submission_fact.csv
2020-04-06,requests/process_date=2020-04-06/general.csv
2020-04-06,requests/process_date=2020-04-06/submissions.csv
2020-04-06,submission_dim/process_date=2020-04-06/submission_dim.csv
2020-04-13,submission_fact/process_date=2020-04-13/submission_fact.csv
2020-04-13,requests/process_date=2020-04-13/general.csv
2020-04-13,requests/process_date=2020-04-13/submissions.csv
2020-04-13,submission_dim/process_date=2020-04-13/submission_dim.csv
2020-04-20,submission_fact/process_date=2020-04-20/submission_fact.csv
2020-04-20,requests/process_date=2020-04-20/general.csv
2020-04-20,requests/process_date=2020-04-20/submissions.csv
2020-04-20,submission_dim/process_date=2020-04-20/submission_dim.csv
2020-04-27,submission_fact/process_date=2020-04-27/submission_fact.csv
2020-04-27,requests/process_date=2020-04-27/general.csv
2020-04-27,requests/process_date=2020-04-27/submissions.csv
2020-04-27,submission_dim/process_date=2020-04-27/submission_dim.csv
2020-05-04,submission_fact/process_date=2020-05-04/submission_fact.csv
2020-05-04,requests/process_date=2020-05-04/general.csv
2020-05-04,requests/process_date=2020-05-04/submissions.csv
2020-05-04,submission_dim/process_date=2020-05-04/submission_dim.csv
2020-08-17,submission_fact/process_date=2020-08-17/submission_fact.csv
2020-08-17,requests/process_date=2020-08-17/general.csv
2020-08-17,requests/process_date=2020-08-17/submissions.csv
2020-08-17,enrollment_fact/process_date=2020-08-17/enrollment_fact.csv
2020-08-17,assignment_dim/process_date=2020-08-17/assignment_dim.csv
2020-08-17,enrollment_dim/process_date=2020-08-17/enrollment_dim.csv
2020-08-17,course_dim/process_date=2020-08-17/course_dim.csv
2020-08-17,assignment_fact/process_date=2020-08-17/assignment_fact.csv
2020-08-17,user_dim/process_date=2020-08-17/students.csv
2020-08-17,submission_dim/process_date=2020-08-17/submission_dim.csv
2020-08-24,submission_fact/process_date=2020-08-24/submission_fact.csv
2020-08-24,requests/process_date=2020-08-24/general.csv
2020-08-24,requests/process_date=2020-08-24/submissions.csv
2020-08-24,submission_dim/process_date=2020-08-24/submission_dim.csv
2020-08-31,submission_fact/process_date=2020-08-31/submission_fact.csv
2020-08-31,requests/process_date=2020-08-31/general.csv
2020-08-31,requests/process_date=2020-08-31/submissions.csv
2020-08-31,submission_dim/process_date=2020-08-31/submission_dim.csv
2020-09-07,submission_fact/process_date=2020-09-07/submission_fact.csv
2020-09-07,requests/process_date=2020-09-07/general.csv
2020-09-07,requests/process_date=2020-09-07/submissions.csv
2020-09-07,submission_dim/process_date=2020-09-07/submission_dim.csv
2020-09-14,submission_fact/process_date=2020-09-14/submission_fact.csv
2020-09-14,requests/process_date=2020-09-14/general.csv
2020-09-14,requests/process_date=2020-09-14/submissions.csv
2020-09-14,submission_dim/process_date=2020-09-14/submission_dim.csv
2020-09-21,submission_fact/process_date=2020-09-21/submission_fact.csv
2020-09-21,requests/process_date=2020-09-21/general.csv
2020-09-21,requests/process_date=2020-09-21/submissions.csv
2020-09-21,submission_dim/process_date=2020-09-21/submission_dim.csv
2020-09-28,submission_fact/process_date=2020-09-28/submission_fact.csv
2020-09-28,requests/process_date=2020-09-28/general.csv
2020-09-28,requests/process_date=2020-09-28/submissions.csv
2020-09-28,submission_dim/process_date=2020-09-28/submission_dim.csv
2020-10-05,submission_fact/process_date=2020-10-05/submission_fact.csv
2020-10-05,requests/process_date=2020-10-05/general.csv
2020-10-05,requests/process_date=2020-10-05/submissions.csv
2020-10-05,submission_dim/process_date=2020-10-05/submission_dim.csv
2020-10-12,submission_fact/process_date=2020-10-12/submission_fact.csv
2020-10-12,requests/process_date=2020-10-12/general.csv
2020-10-12,requests/process_date=2020-10-12/submissions.csv
2020-10-12,submission_dim/process_date=2020-10-12/submission_dim.csv
2020-10-19,submission_fact/process_date=2020-10-19/submission_fact.csv
2020-10-19,requests/process_date=2020-10-19/general.csv
2020-10-19,requests/process_date=2020-10-19/submissions.csv
2020-10-19,submission_dim/process_date=2020-10-19/submission_dim.csv
2020-10-26,submission_fact/process_date=2020-10-26/submission_fact.csv
2020-10-26,requests/process_date=2020-10-26/general.csv
2020-10-26,requests/process_date=2020-10-26/submissions.csv
2020-10-26,submission_dim/process_date=2020-10-26/submission_dim.csv
2020-11-02,submission_fact/process_date=2020-11-02/submission_fact.csv
2020-11-02,requests/process_date=2020-11-02/general.csv
2020-11-02,requests/process_date=2020-11-02/submissions.csv
2020-11-02,submission_dim/process_date=2020-11-02/submission_dim.csv
2020-11-09,submission_fact/process_date=2020-11-09/submission_fact.csv
2020-11-09,requests/process_date=2020-11-09/general.csv
2020-11-09,requests/process_date=2020-11-09/submissions.csv
2020-11-09,submission_dim/process_date=2020-11-09/submission_dim.csv
2020-11-16,submission_fact/process_date=2020-11-16/submission_fact.csv
2020-11-16,requests/process_date=2020-11-16/general.csv
2020-11-16,requests/process_date=2020-11-16/submissions.csv
2020-11-16,submission_dim/process_date=2020-11-16/submission_dim.csv
2020-11-23,submission_fact/process_date=2020-11-23/submission_fact.csv
2020-11-23,requests/process_date=2020-11-23/general.csv
2020-11-23,requests/process_date=2020-11-23/submissions.csv
2020-11-23,submission_dim/process_date=2020-11-23/submission_dim.csv
2020-11-30,submission_fact/process_date=2020-11-30/submission_fact.csv
2020-11-30,requests/process_date=2020-11-30/general.csv
2020-11-30,requests/process_date=2020-11-30/submissions.csv
2020-11-30,submission_dim/process_date=2020-11-30/submission_dim.csv
2021-01-18,submission_fact/process_date=2021-01-18/submission_fact.csv
2021-01-18,requests/process_date=2021-01-18/general.csv
2021-01-18,requests/process_date=2021-01-18/submissions.csv
2021-01-18,enrollment_fact/process_date=2021-01-18/enrollment_fact.csv
2021-01-18,assignment_dim/process_date=2021-01-18/assignment_dim.csv
2021-01-18,enrollment_dim/process_date=2021-01-18/enrollment_dim.csv
2021-01-18,course_dim/process_date=2021-01-18/course_dim.csv
2021-01-18,assignment_fact/process_date=2021-01-18/assignment_fact.csv
2021-01-18,submission_dim/process_date=2021-01-18/submission_dim.csv
2021-01-25,submission_fact/process_date=2021-01-25/submission_fact.csv
2021-01-25,requests/process_date=2021-01-25/general.csv
2021-01-25,requests/process_date=2021-01-25/submissions.csv
2021-01-25,submission_dim/process_date=2021-01-25/submission_dim.csv
2021-02-01,submission_fact/process_date=2021-02-01/submission_fact.csv
2021-02-01,requests/process_date=2021-02-01/general.csv
2021-02-01,requests/process_date=2021-02-01/submissions.csv
2021-02-01,submission_dim/process_date=2021-02-01/submission_dim.csv
2021-02-08,submission_fact/process_date=2021-02-08/submission_fact.csv
2021-02-08,requests/process_date=2021-02-08/general.csv
2021-02-08,requests/process_date=2021-02-08/submissions.csv
2021-02-08,submission_dim/process_date=2021-02-08/submission_dim.csv
2021-02-15,submission_fact/process_date=2021-02-15/submission_fact.csv
2021-02-15,requests/process_date=2021-02-15/general.csv
2021-02-15,requests/process_date=2021-02-15/submissions.csv
2021-02-15,submission_dim/process_date=2021-02-15/submission_dim.csv
2021-02-22,submission_fact/process_date=2021-02-22/submission_fact.csv
2021-02-22,requests/process_date=2021-02-22/general.csv
2021-02-22,requests/process_date=2021-02-22/submissions.csv
2021-02-22,submission_dim/process_date=2021-02-22/submission_dim.csv
